Backbone,Benchmark,End-to-end_F1_percent,TRACE_F1_percent,Difference_pp
Qwen3-VL-4B,FlowVQA,92.28,93.77,1.49
Qwen3-VL-4B,CBD,83.40,82.56,-0.84
Qwen3-VL-4B,FC_A,64.60,63.91,-0.69
Qwen3-VL-4B,FC_B,80.42,84.32,3.90
Qwen3-VL-4B,FlowLearn,88.50,93.61,5.11
Qwen3-VL-4B,BPMN-VLM,64.26,87.07,22.81
Qwen3-VL-4B,FlowGen-e,85.87,84.18,-1.69
Qwen3-VL-4B,FlowGen-m,77.23,85.42,8.19
Qwen3-VL-4B,FlowGen-h,68.91,74.82,5.91
Qwen3-VL-8B,FlowVQA,92.57,94.38,1.81
Qwen3-VL-8B,CBD,84.53,85.27,0.74
Qwen3-VL-8B,FC_A,63.00,62.36,-0.64
Qwen3-VL-8B,FC_B,80.59,85.35,4.76
Qwen3-VL-8B,FlowLearn,91.46,94.52,3.06
Qwen3-VL-8B,BPMN-VLM,71.18,87.08,15.90
Qwen3-VL-8B,FlowGen-e,85.31,85.00,-0.31
Qwen3-VL-8B,FlowGen-m,77.18,84.44,7.26
Qwen3-VL-8B,FlowGen-h,70.66,76.21,5.55
MiniCPM-V-4.5-8B,FlowVQA,88.44,91.03,2.59
MiniCPM-V-4.5-8B,CBD,77.28,74.63,-2.65
MiniCPM-V-4.5-8B,FC_A,39.54,55.81,16.27
MiniCPM-V-4.5-8B,FC_B,67.97,83.68,15.71
MiniCPM-V-4.5-8B,FlowLearn,76.32,80.51,4.19
MiniCPM-V-4.5-8B,BPMN-VLM,61.59,77.58,15.99
MiniCPM-V-4.5-8B,FlowGen-e,76.41,80.90,4.49
MiniCPM-V-4.5-8B,FlowGen-m,63.14,69.84,6.70
MiniCPM-V-4.5-8B,FlowGen-h,52.87,57.60,4.73
Gemma3-4B-IT,FlowVQA,80.86,68.88,-11.98
Gemma3-4B-IT,CBD,69.12,73.84,4.72
Gemma3-4B-IT,FC_A,39.05,41.86,2.81
Gemma3-4B-IT,FC_B,69.30,82.20,12.90
Gemma3-4B-IT,FlowLearn,69.92,72.50,2.58
Gemma3-4B-IT,BPMN-VLM,49.88,62.70,12.82
Gemma3-4B-IT,FlowGen-e,46.88,53.50,6.62
Gemma3-4B-IT,FlowGen-m,28.72,44.48,15.76
Gemma3-4B-IT,FlowGen-h,20.33,33.16,12.83
LLaVA-v1.6-Mistral-7B,FlowVQA,42.67,40.97,-1.70
LLaVA-v1.6-Mistral-7B,CBD,54.43,63.25,8.82
LLaVA-v1.6-Mistral-7B,FC_A,12.97,18.32,5.35
LLaVA-v1.6-Mistral-7B,FC_B,71.46,75.00,3.54
LLaVA-v1.6-Mistral-7B,FlowLearn,64.18,82.16,17.98
LLaVA-v1.6-Mistral-7B,BPMN-VLM,18.33,42.27,23.94
LLaVA-v1.6-Mistral-7B,FlowGen-e,33.85,46.84,12.99
LLaVA-v1.6-Mistral-7B,FlowGen-m,18.57,30.58,12.01
LLaVA-v1.6-Mistral-7B,FlowGen-h,11.28,20.10,8.82
